<routes>
        <vType id="typeWE" accel="0.8" decel="4.5" sigma="0.5" length="5" minGap="2.5" maxSpeed="16.67" guiShape="passenger"/>
        <vType id="typeNS" accel="0.8" decel="4.5" sigma="0.5" length="7" minGap="3" maxSpeed="25" guiShape="bus"/>

        <route id="right" edges="51o 1i 2o 52i" />
        <route id="left" edges="52o 2i 1o 51i" />
        <route id="down" edges="54o 4i 3o 53i" />
    <vehicle id="left_0" type="typeWE" route="left" depart="0" />
    <vehicle id="left_1" type="typeWE" route="left" depart="2" />
    <vehicle id="right_2" type="typeWE" route="right" depart="3" />
    <vehicle id="right_3" type="typeWE" route="right" depart="4" />
    <vehicle id="left_4" type="typeWE" route="left" depart="6" />
    <vehicle id="right_5" type="typeWE" route="right" depart="9" />
    <vehicle id="left_6" type="typeWE" route="left" depart="22" />
    <vehicle id="left_7" type="typeWE" route="left" depart="31" />
    <vehicle id="left_8" type="typeWE" route="left" depart="33" />
    <vehicle id="left_9" type="typeWE" route="left" depart="41" />
    <vehicle id="right_10" type="typeWE" route="right" depart="42" />
    <vehicle id="left_11" type="typeWE" route="left" depart="45" />
    <vehicle id="left_12" type="typeWE" route="left" depart="53" />
    <vehicle id="right_13" type="typeWE" route="right" depart="55" />
    <vehicle id="right_14" type="typeWE" route="right" depart="61" />
    <vehicle id="right_15" type="typeWE" route="right" depart="69" />
    <vehicle id="right_16" type="typeWE" route="right" depart="84" />
    <vehicle id="left_17" type="typeWE" route="left" depart="85" />
    <vehicle id="down_18" type="typeNS" route="down" depart="89" color="1,0,0"/>
    <vehicle id="down_19" type="typeNS" route="down" depart="96" color="1,0,0"/>
    <vehicle id="right_20" type="typeWE" route="right" depart="99" />
    <vehicle id="left_21" type="typeWE" route="left" depart="99" />
    <vehicle id="right_22" type="typeWE" route="right" depart="108" />
    <vehicle id="right_23" type="typeWE" route="right" depart="114" />
    <vehicle id="down_24" type="typeNS" route="down" depart="122" color="1,0,0"/>
    <vehicle id="right_25" type="typeWE" route="right" depart="125" />
    <vehicle id="left_26" type="typeWE" route="left" depart="131" />
    <vehicle id="left_27" type="typeWE" route="left" depart="135" />
    <vehicle id="left_28" type="typeWE" route="left" depart="138" />
    <vehicle id="left_29" type="typeWE" route="left" depart="142" />
    <vehicle id="right_30" type="typeWE" route="right" depart="145" />
    <vehicle id="left_31" type="typeWE" route="left" depart="153" />
    <vehicle id="left_32" type="typeWE" route="left" depart="156" />
    <vehicle id="left_33" type="typeWE" route="left" depart="160" />
    <vehicle id="left_34" type="typeWE" route="left" depart="164" />
    <vehicle id="right_35" type="typeWE" route="right" depart="167" />
    <vehicle id="right_36" type="typeWE" route="right" depart="168" />
    <vehicle id="left_37" type="typeWE" route="left" depart="169" />
    <vehicle id="left_38" type="typeWE" route="left" depart="172" />
    <vehicle id="down_39" type="typeNS" route="down" depart="172" color="1,0,0"/>
    <vehicle id="right_40" type="typeWE" route="right" depart="176" />
    <vehicle id="right_41" type="typeWE" route="right" depart="181" />
    <vehicle id="right_42" type="typeWE" route="right" depart="183" />
    <vehicle id="left_43" type="typeWE" route="left" depart="194" />
    <vehicle id="left_44" type="typeWE" route="left" depart="196" />
    <vehicle id="left_45" type="typeWE" route="left" depart="199" />
    <vehicle id="right_46" type="typeWE" route="right" depart="200" />
    <vehicle id="left_47" type="typeWE" route="left" depart="212" />
    <vehicle id="right_48" type="typeWE" route="right" depart="217" />
    <vehicle id="left_49" type="typeWE" route="left" depart="219" />
    <vehicle id="right_50" type="typeWE" route="right" depart="228" />
    <vehicle id="left_51" type="typeWE" route="left" depart="234" />
    <vehicle id="left_52" type="typeWE" route="left" depart="238" />
    <vehicle id="right_53" type="typeWE" route="right" depart="240" />
    <vehicle id="left_54" type="typeWE" route="left" depart="272" />
    <vehicle id="left_55" type="typeWE" route="left" depart="275" />
    <vehicle id="right_56" type="typeWE" route="right" depart="284" />
    <vehicle id="right_57" type="typeWE" route="right" depart="286" />
    <vehicle id="right_58" type="typeWE" route="right" depart="288" />
    <vehicle id="right_59" type="typeWE" route="right" depart="291" />
    <vehicle id="right_60" type="typeWE" route="right" depart="294" />
    <vehicle id="down_61" type="typeNS" route="down" depart="318" color="1,0,0"/>
    <vehicle id="right_62" type="typeWE" route="right" depart="322" />
    <vehicle id="down_63" type="typeNS" route="down" depart="331" color="1,0,0"/>
    <vehicle id="down_64" type="typeNS" route="down" depart="337" color="1,0,0"/>
    <vehicle id="left_65" type="typeWE" route="left" depart="339" />
    <vehicle id="right_66" type="typeWE" route="right" depart="342" />
    <vehicle id="left_67" type="typeWE" route="left" depart="344" />
    <vehicle id="down_68" type="typeNS" route="down" depart="344" color="1,0,0"/>
    <vehicle id="left_69" type="typeWE" route="left" depart="346" />
    <vehicle id="right_70" type="typeWE" route="right" depart="354" />
    <vehicle id="right_71" type="typeWE" route="right" depart="375" />
    <vehicle id="down_72" type="typeNS" route="down" depart="377" color="1,0,0"/>
    <vehicle id="down_73" type="typeNS" route="down" depart="379" color="1,0,0"/>
    <vehicle id="right_74" type="typeWE" route="right" depart="383" />
    <vehicle id="left_75" type="typeWE" route="left" depart="388" />
    <vehicle id="left_76" type="typeWE" route="left" depart="389" />
    <vehicle id="left_77" type="typeWE" route="left" depart="391" />
    <vehicle id="right_78" type="typeWE" route="right" depart="394" />
    <vehicle id="right_79" type="typeWE" route="right" depart="395" />
    <vehicle id="down_80" type="typeNS" route="down" depart="397" color="1,0,0"/>
    <vehicle id="right_81" type="typeWE" route="right" depart="412" />
    <vehicle id="left_82" type="typeWE" route="left" depart="413" />
    <vehicle id="left_83" type="typeWE" route="left" depart="415" />
    <vehicle id="left_84" type="typeWE" route="left" depart="420" />
    <vehicle id="right_85" type="typeWE" route="right" depart="427" />
    <vehicle id="down_86" type="typeNS" route="down" depart="457" color="1,0,0"/>
    <vehicle id="right_87" type="typeWE" route="right" depart="458" />
    <vehicle id="down_88" type="typeNS" route="down" depart="459" color="1,0,0"/>
    <vehicle id="down_89" type="typeNS" route="down" depart="463" color="1,0,0"/>
    <vehicle id="right_90" type="typeWE" route="right" depart="464" />
    <vehicle id="right_91" type="typeWE" route="right" depart="467" />
    <vehicle id="left_92" type="typeWE" route="left" depart="469" />
    <vehicle id="left_93" type="typeWE" route="left" depart="472" />
    <vehicle id="right_94" type="typeWE" route="right" depart="473" />
    <vehicle id="left_95" type="typeWE" route="left" depart="476" />
    <vehicle id="right_96" type="typeWE" route="right" depart="479" />
    <vehicle id="right_97" type="typeWE" route="right" depart="482" />
    <vehicle id="left_98" type="typeWE" route="left" depart="483" />
    <vehicle id="right_99" type="typeWE" route="right" depart="484" />
    <vehicle id="left_100" type="typeWE" route="left" depart="492" />
    <vehicle id="right_101" type="typeWE" route="right" depart="494" />
    <vehicle id="left_102" type="typeWE" route="left" depart="496" />
    <vehicle id="right_103" type="typeWE" route="right" depart="502" />
    <vehicle id="left_104" type="typeWE" route="left" depart="514" />
    <vehicle id="down_105" type="typeNS" route="down" depart="518" color="1,0,0"/>
    <vehicle id="right_106" type="typeWE" route="right" depart="523" />
    <vehicle id="left_107" type="typeWE" route="left" depart="527" />
    <vehicle id="right_108" type="typeWE" route="right" depart="536" />
    <vehicle id="left_109" type="typeWE" route="left" depart="536" />
    <vehicle id="left_110" type="typeWE" route="left" depart="541" />
    <vehicle id="left_111" type="typeWE" route="left" depart="552" />
    <vehicle id="left_112" type="typeWE" route="left" depart="554" />
    <vehicle id="right_113" type="typeWE" route="right" depart="565" />
    <vehicle id="down_114" type="typeNS" route="down" depart="573" color="1,0,0"/>
    <vehicle id="left_115" type="typeWE" route="left" depart="578" />
    <vehicle id="left_116" type="typeWE" route="left" depart="579" />
    <vehicle id="left_117" type="typeWE" route="left" depart="582" />
    <vehicle id="left_118" type="typeWE" route="left" depart="602" />
    <vehicle id="left_119" type="typeWE" route="left" depart="606" />
    <vehicle id="right_120" type="typeWE" route="right" depart="612" />
    <vehicle id="down_121" type="typeNS" route="down" depart="624" color="1,0,0"/>
    <vehicle id="left_122" type="typeWE" route="left" depart="634" />
    <vehicle id="left_123" type="typeWE" route="left" depart="635" />
    <vehicle id="right_124" type="typeWE" route="right" depart="636" />
    <vehicle id="left_125" type="typeWE" route="left" depart="641" />
    <vehicle id="right_126" type="typeWE" route="right" depart="644" />
    <vehicle id="left_127" type="typeWE" route="left" depart="646" />
    <vehicle id="down_128" type="typeNS" route="down" depart="653" color="1,0,0"/>
    <vehicle id="right_129" type="typeWE" route="right" depart="654" />
    <vehicle id="left_130" type="typeWE" route="left" depart="659" />
    <vehicle id="left_131" type="typeWE" route="left" depart="660" />
    <vehicle id="left_132" type="typeWE" route="left" depart="661" />
    <vehicle id="left_133" type="typeWE" route="left" depart="663" />
    <vehicle id="right_134" type="typeWE" route="right" depart="668" />
    <vehicle id="left_135" type="typeWE" route="left" depart="683" />
    <vehicle id="right_136" type="typeWE" route="right" depart="701" />
    <vehicle id="right_137" type="typeWE" route="right" depart="704" />
    <vehicle id="down_138" type="typeNS" route="down" depart="706" color="1,0,0"/>
    <vehicle id="left_139" type="typeWE" route="left" depart="707" />
    <vehicle id="down_140" type="typeNS" route="down" depart="708" color="1,0,0"/>
    <vehicle id="left_141" type="typeWE" route="left" depart="717" />
    <vehicle id="down_142" type="typeNS" route="down" depart="717" color="1,0,0"/>
    <vehicle id="right_143" type="typeWE" route="right" depart="720" />
    <vehicle id="left_144" type="typeWE" route="left" depart="722" />
    <vehicle id="right_145" type="typeWE" route="right" depart="724" />
    <vehicle id="right_146" type="typeWE" route="right" depart="731" />
    <vehicle id="down_147" type="typeNS" route="down" depart="733" color="1,0,0"/>
    <vehicle id="right_148" type="typeWE" route="right" depart="738" />
    <vehicle id="left_149" type="typeWE" route="left" depart="740" />
    <vehicle id="left_150" type="typeWE" route="left" depart="743" />
    <vehicle id="right_151" type="typeWE" route="right" depart="744" />
    <vehicle id="right_152" type="typeWE" route="right" depart="746" />
    <vehicle id="left_153" type="typeWE" route="left" depart="749" />
    <vehicle id="left_154" type="typeWE" route="left" depart="768" />
    <vehicle id="left_155" type="typeWE" route="left" depart="774" />
    <vehicle id="down_156" type="typeNS" route="down" depart="776" color="1,0,0"/>
    <vehicle id="down_157" type="typeNS" route="down" depart="780" color="1,0,0"/>
    <vehicle id="down_158" type="typeNS" route="down" depart="791" color="1,0,0"/>
    <vehicle id="left_159" type="typeWE" route="left" depart="801" />
    <vehicle id="right_160" type="typeWE" route="right" depart="808" />
    <vehicle id="down_161" type="typeNS" route="down" depart="808" color="1,0,0"/>
    <vehicle id="right_162" type="typeWE" route="right" depart="812" />
    <vehicle id="left_163" type="typeWE" route="left" depart="812" />
    <vehicle id="right_164" type="typeWE" route="right" depart="826" />
    <vehicle id="down_165" type="typeNS" route="down" depart="838" color="1,0,0"/>
    <vehicle id="right_166" type="typeWE" route="right" depart="841" />
    <vehicle id="left_167" type="typeWE" route="left" depart="845" />
    <vehicle id="down_168" type="typeNS" route="down" depart="847" color="1,0,0"/>
    <vehicle id="left_169" type="typeWE" route="left" depart="854" />
    <vehicle id="right_170" type="typeWE" route="right" depart="856" />
    <vehicle id="right_171" type="typeWE" route="right" depart="858" />
    <vehicle id="left_172" type="typeWE" route="left" depart="862" />
    <vehicle id="left_173" type="typeWE" route="left" depart="865" />
    <vehicle id="left_174" type="typeWE" route="left" depart="868" />
    <vehicle id="right_175" type="typeWE" route="right" depart="879" />
    <vehicle id="left_176" type="typeWE" route="left" depart="879" />
    <vehicle id="right_177" type="typeWE" route="right" depart="880" />
    <vehicle id="left_178" type="typeWE" route="left" depart="880" />
    <vehicle id="right_179" type="typeWE" route="right" depart="887" />
    <vehicle id="left_180" type="typeWE" route="left" depart="888" />
    <vehicle id="down_181" type="typeNS" route="down" depart="895" color="1,0,0"/>
    <vehicle id="right_182" type="typeWE" route="right" depart="907" />
    <vehicle id="down_183" type="typeNS" route="down" depart="911" color="1,0,0"/>
    <vehicle id="right_184" type="typeWE" route="right" depart="916" />
    <vehicle id="left_185" type="typeWE" route="left" depart="918" />
    <vehicle id="right_186" type="typeWE" route="right" depart="921" />
    <vehicle id="right_187" type="typeWE" route="right" depart="922" />
    <vehicle id="left_188" type="typeWE" route="left" depart="924" />
    <vehicle id="right_189" type="typeWE" route="right" depart="939" />
    <vehicle id="down_190" type="typeNS" route="down" depart="941" color="1,0,0"/>
    <vehicle id="left_191" type="typeWE" route="left" depart="945" />
    <vehicle id="right_192" type="typeWE" route="right" depart="948" />
    <vehicle id="right_193" type="typeWE" route="right" depart="950" />
    <vehicle id="left_194" type="typeWE" route="left" depart="952" />
    <vehicle id="left_195" type="typeWE" route="left" depart="954" />
    <vehicle id="left_196" type="typeWE" route="left" depart="965" />
    <vehicle id="down_197" type="typeNS" route="down" depart="969" color="1,0,0"/>
    <vehicle id="left_198" type="typeWE" route="left" depart="973" />
    <vehicle id="down_199" type="typeNS" route="down" depart="974" color="1,0,0"/>
    <vehicle id="left_200" type="typeWE" route="left" depart="977" />
    <vehicle id="right_201" type="typeWE" route="right" depart="989" />
    <vehicle id="left_202" type="typeWE" route="left" depart="993" />
    <vehicle id="down_203" type="typeNS" route="down" depart="996" color="1,0,0"/>
    <vehicle id="left_204" type="typeWE" route="left" depart="1001" />
    <vehicle id="right_205" type="typeWE" route="right" depart="1003" />
    <vehicle id="right_206" type="typeWE" route="right" depart="1005" />
    <vehicle id="left_207" type="typeWE" route="left" depart="1006" />
    <vehicle id="right_208" type="typeWE" route="right" depart="1011" />
    <vehicle id="left_209" type="typeWE" route="left" depart="1014" />
    <vehicle id="left_210" type="typeWE" route="left" depart="1015" />
    <vehicle id="left_211" type="typeWE" route="left" depart="1026" />
    <vehicle id="left_212" type="typeWE" route="left" depart="1034" />
    <vehicle id="right_213" type="typeWE" route="right" depart="1043" />
    <vehicle id="right_214" type="typeWE" route="right" depart="1047" />
    <vehicle id="right_215" type="typeWE" route="right" depart="1049" />
    <vehicle id="down_216" type="typeNS" route="down" depart="1056" color="1,0,0"/>
    <vehicle id="right_217" type="typeWE" route="right" depart="1061" />
    <vehicle id="right_218" type="typeWE" route="right" depart="1068" />
    <vehicle id="right_219" type="typeWE" route="right" depart="1069" />
    <vehicle id="left_220" type="typeWE" route="left" depart="1070" />
    <vehicle id="right_221" type="typeWE" route="right" depart="1078" />
    <vehicle id="left_222" type="typeWE" route="left" depart="1085" />
    <vehicle id="right_223" type="typeWE" route="right" depart="1093" />
    <vehicle id="left_224" type="typeWE" route="left" depart="1097" />
    <vehicle id="left_225" type="typeWE" route="left" depart="1099" />
    <vehicle id="left_226" type="typeWE" route="left" depart="1104" />
    <vehicle id="down_227" type="typeNS" route="down" depart="1109" color="1,0,0"/>
    <vehicle id="right_228" type="typeWE" route="right" depart="1123" />
    <vehicle id="left_229" type="typeWE" route="left" depart="1124" />
    <vehicle id="left_230" type="typeWE" route="left" depart="1135" />
    <vehicle id="left_231" type="typeWE" route="left" depart="1137" />
    <vehicle id="right_232" type="typeWE" route="right" depart="1141" />
    <vehicle id="left_233" type="typeWE" route="left" depart="1143" />
    <vehicle id="right_234" type="typeWE" route="right" depart="1146" />
    <vehicle id="left_235" type="typeWE" route="left" depart="1150" />
    <vehicle id="down_236" type="typeNS" route="down" depart="1153" color="1,0,0"/>
    <vehicle id="left_237" type="typeWE" route="left" depart="1156" />
    <vehicle id="right_238" type="typeWE" route="right" depart="1167" />
    <vehicle id="left_239" type="typeWE" route="left" depart="1172" />
    <vehicle id="left_240" type="typeWE" route="left" depart="1181" />
    <vehicle id="right_241" type="typeWE" route="right" depart="1208" />
    <vehicle id="right_242" type="typeWE" route="right" depart="1212" />
    <vehicle id="left_243" type="typeWE" route="left" depart="1218" />
    <vehicle id="left_244" type="typeWE" route="left" depart="1232" />
    <vehicle id="left_245" type="typeWE" route="left" depart="1237" />
    <vehicle id="left_246" type="typeWE" route="left" depart="1246" />
    <vehicle id="right_247" type="typeWE" route="right" depart="1252" />
    <vehicle id="left_248" type="typeWE" route="left" depart="1252" />
    <vehicle id="left_249" type="typeWE" route="left" depart="1255" />
    <vehicle id="right_250" type="typeWE" route="right" depart="1258" />
    <vehicle id="right_251" type="typeWE" route="right" depart="1267" />
    <vehicle id="right_252" type="typeWE" route="right" depart="1275" />
    <vehicle id="left_253" type="typeWE" route="left" depart="1281" />
    <vehicle id="left_254" type="typeWE" route="left" depart="1288" />
    <vehicle id="right_255" type="typeWE" route="right" depart="1289" />
    <vehicle id="down_256" type="typeNS" route="down" depart="1289" color="1,0,0"/>
    <vehicle id="left_257" type="typeWE" route="left" depart="1301" />
    <vehicle id="right_258" type="typeWE" route="right" depart="1302" />
    <vehicle id="right_259" type="typeWE" route="right" depart="1304" />
    <vehicle id="down_260" type="typeNS" route="down" depart="1317" color="1,0,0"/>
    <vehicle id="right_261" type="typeWE" route="right" depart="1318" />
    <vehicle id="left_262" type="typeWE" route="left" depart="1319" />
    <vehicle id="right_263" type="typeWE" route="right" depart="1320" />
    <vehicle id="right_264" type="typeWE" route="right" depart="1322" />
    <vehicle id="left_265" type="typeWE" route="left" depart="1323" />
    <vehicle id="left_266" type="typeWE" route="left" depart="1332" />
    <vehicle id="right_267" type="typeWE" route="right" depart="1340" />
    <vehicle id="left_268" type="typeWE" route="left" depart="1344" />
    <vehicle id="right_269" type="typeWE" route="right" depart="1357" />
    <vehicle id="left_270" type="typeWE" route="left" depart="1359" />
    <vehicle id="left_271" type="typeWE" route="left" depart="1366" />
    <vehicle id="right_272" type="typeWE" route="right" depart="1367" />
    <vehicle id="right_273" type="typeWE" route="right" depart="1370" />
    <vehicle id="left_274" type="typeWE" route="left" depart="1370" />
    <vehicle id="right_275" type="typeWE" route="right" depart="1375" />
    <vehicle id="down_276" type="typeNS" route="down" depart="1380" color="1,0,0"/>
    <vehicle id="left_277" type="typeWE" route="left" depart="1381" />
    <vehicle id="right_278" type="typeWE" route="right" depart="1384" />
    <vehicle id="right_279" type="typeWE" route="right" depart="1385" />
    <vehicle id="right_280" type="typeWE" route="right" depart="1386" />
    <vehicle id="left_281" type="typeWE" route="left" depart="1394" />
    <vehicle id="down_282" type="typeNS" route="down" depart="1402" color="1,0,0"/>
    <vehicle id="right_283" type="typeWE" route="right" depart="1420" />
    <vehicle id="right_284" type="typeWE" route="right" depart="1428" />
    <vehicle id="right_285" type="typeWE" route="right" depart="1433" />
    <vehicle id="down_286" type="typeNS" route="down" depart="1436" color="1,0,0"/>
    <vehicle id="left_287" type="typeWE" route="left" depart="1441" />
    <vehicle id="right_288" type="typeWE" route="right" depart="1450" />
    <vehicle id="down_289" type="typeNS" route="down" depart="1451" color="1,0,0"/>
    <vehicle id="right_290" type="typeWE" route="right" depart="1453" />
    <vehicle id="left_291" type="typeWE" route="left" depart="1454" />
    <vehicle id="down_292" type="typeNS" route="down" depart="1463" color="1,0,0"/>
    <vehicle id="right_293" type="typeWE" route="right" depart="1464" />
    <vehicle id="left_294" type="typeWE" route="left" depart="1470" />
    <vehicle id="right_295" type="typeWE" route="right" depart="1471" />
    <vehicle id="right_296" type="typeWE" route="right" depart="1475" />
    <vehicle id="left_297" type="typeWE" route="left" depart="1478" />
    <vehicle id="down_298" type="typeNS" route="down" depart="1483" color="1,0,0"/>
    <vehicle id="right_299" type="typeWE" route="right" depart="1484" />
    <vehicle id="right_300" type="typeWE" route="right" depart="1488" />
    <vehicle id="left_301" type="typeWE" route="left" depart="1497" />
    <vehicle id="right_302" type="typeWE" route="right" depart="1499" />
    <vehicle id="left_303" type="typeWE" route="left" depart="1500" />
    <vehicle id="left_304" type="typeWE" route="left" depart="1512" />
    <vehicle id="right_305" type="typeWE" route="right" depart="1513" />
    <vehicle id="right_306" type="typeWE" route="right" depart="1516" />
    <vehicle id="down_307" type="typeNS" route="down" depart="1533" color="1,0,0"/>
    <vehicle id="left_308" type="typeWE" route="left" depart="1536" />
    <vehicle id="right_309" type="typeWE" route="right" depart="1544" />
    <vehicle id="left_310" type="typeWE" route="left" depart="1547" />
    <vehicle id="left_311" type="typeWE" route="left" depart="1550" />
    <vehicle id="left_312" type="typeWE" route="left" depart="1554" />
    <vehicle id="right_313" type="typeWE" route="right" depart="1555" />
    <vehicle id="right_314" type="typeWE" route="right" depart="1559" />
    <vehicle id="left_315" type="typeWE" route="left" depart="1560" />
    <vehicle id="left_316" type="typeWE" route="left" depart="1562" />
    <vehicle id="right_317" type="typeWE" route="right" depart="1567" />
    <vehicle id="down_318" type="typeNS" route="down" depart="1568" color="1,0,0"/>
    <vehicle id="right_319" type="typeWE" route="right" depart="1570" />
    <vehicle id="left_320" type="typeWE" route="left" depart="1573" />
    <vehicle id="left_321" type="typeWE" route="left" depart="1574" />
    <vehicle id="right_322" type="typeWE" route="right" depart="1576" />
    <vehicle id="down_323" type="typeNS" route="down" depart="1576" color="1,0,0"/>
    <vehicle id="down_324" type="typeNS" route="down" depart="1578" color="1,0,0"/>
    <vehicle id="left_325" type="typeWE" route="left" depart="1583" />
    <vehicle id="right_326" type="typeWE" route="right" depart="1589" />
    <vehicle id="right_327" type="typeWE" route="right" depart="1591" />
    <vehicle id="right_328" type="typeWE" route="right" depart="1612" />
    <vehicle id="down_329" type="typeNS" route="down" depart="1612" color="1,0,0"/>
    <vehicle id="right_330" type="typeWE" route="right" depart="1622" />
    <vehicle id="left_331" type="typeWE" route="left" depart="1627" />
    <vehicle id="down_332" type="typeNS" route="down" depart="1645" color="1,0,0"/>
    <vehicle id="right_333" type="typeWE" route="right" depart="1650" />
    <vehicle id="right_334" type="typeWE" route="right" depart="1651" />
    <vehicle id="right_335" type="typeWE" route="right" depart="1653" />
    <vehicle id="right_336" type="typeWE" route="right" depart="1657" />
    <vehicle id="left_337" type="typeWE" route="left" depart="1658" />
    <vehicle id="down_338" type="typeNS" route="down" depart="1669" color="1,0,0"/>
    <vehicle id="right_339" type="typeWE" route="right" depart="1670" />
    <vehicle id="left_340" type="typeWE" route="left" depart="1673" />
    <vehicle id="down_341" type="typeNS" route="down" depart="1675" color="1,0,0"/>
    <vehicle id="left_342" type="typeWE" route="left" depart="1677" />
    <vehicle id="down_343" type="typeNS" route="down" depart="1686" color="1,0,0"/>
    <vehicle id="left_344" type="typeWE" route="left" depart="1690" />
    <vehicle id="down_345" type="typeNS" route="down" depart="1694" color="1,0,0"/>
    <vehicle id="down_346" type="typeNS" route="down" depart="1700" color="1,0,0"/>
    <vehicle id="right_347" type="typeWE" route="right" depart="1702" />
    <vehicle id="down_348" type="typeNS" route="down" depart="1707" color="1,0,0"/>
    <vehicle id="right_349" type="typeWE" route="right" depart="1711" />
    <vehicle id="left_350" type="typeWE" route="left" depart="1725" />
    <vehicle id="left_351" type="typeWE" route="left" depart="1735" />
    <vehicle id="right_352" type="typeWE" route="right" depart="1741" />
    <vehicle id="down_353" type="typeNS" route="down" depart="1742" color="1,0,0"/>
    <vehicle id="right_354" type="typeWE" route="right" depart="1748" />
    <vehicle id="left_355" type="typeWE" route="left" depart="1748" />
    <vehicle id="left_356" type="typeWE" route="left" depart="1758" />
    <vehicle id="down_357" type="typeNS" route="down" depart="1758" color="1,0,0"/>
    <vehicle id="left_358" type="typeWE" route="left" depart="1760" />
    <vehicle id="left_359" type="typeWE" route="left" depart="1771" />
    <vehicle id="right_360" type="typeWE" route="right" depart="1772" />
    <vehicle id="left_361" type="typeWE" route="left" depart="1773" />
    <vehicle id="left_362" type="typeWE" route="left" depart="1778" />
    <vehicle id="right_363" type="typeWE" route="right" depart="1780" />
    <vehicle id="right_364" type="typeWE" route="right" depart="1781" />
    <vehicle id="right_365" type="typeWE" route="right" depart="1785" />
    <vehicle id="left_366" type="typeWE" route="left" depart="1789" />
    <vehicle id="left_367" type="typeWE" route="left" depart="1798" />
    <vehicle id="left_368" type="typeWE" route="left" depart="1800" />
    <vehicle id="right_369" type="typeWE" route="right" depart="1808" />
    <vehicle id="left_370" type="typeWE" route="left" depart="1810" />
    <vehicle id="right_371" type="typeWE" route="right" depart="1821" />
    <vehicle id="left_372" type="typeWE" route="left" depart="1826" />
    <vehicle id="left_373" type="typeWE" route="left" depart="1833" />
    <vehicle id="right_374" type="typeWE" route="right" depart="1837" />
    <vehicle id="right_375" type="typeWE" route="right" depart="1838" />
    <vehicle id="right_376" type="typeWE" route="right" depart="1842" />
    <vehicle id="right_377" type="typeWE" route="right" depart="1847" />
    <vehicle id="left_378" type="typeWE" route="left" depart="1847" />
    <vehicle id="right_379" type="typeWE" route="right" depart="1848" />
    <vehicle id="left_380" type="typeWE" route="left" depart="1851" />
    <vehicle id="right_381" type="typeWE" route="right" depart="1853" />
    <vehicle id="left_382" type="typeWE" route="left" depart="1854" />
    <vehicle id="right_383" type="typeWE" route="right" depart="1865" />
    <vehicle id="down_384" type="typeNS" route="down" depart="1866" color="1,0,0"/>
    <vehicle id="left_385" type="typeWE" route="left" depart="1867" />
    <vehicle id="right_386" type="typeWE" route="right" depart="1868" />
    <vehicle id="left_387" type="typeWE" route="left" depart="1872" />
    <vehicle id="down_388" type="typeNS" route="down" depart="1874" color="1,0,0"/>
    <vehicle id="right_389" type="typeWE" route="right" depart="1876" />
    <vehicle id="right_390" type="typeWE" route="right" depart="1881" />
    <vehicle id="left_391" type="typeWE" route="left" depart="1883" />
    <vehicle id="right_392" type="typeWE" route="right" depart="1895" />
    <vehicle id="right_393" type="typeWE" route="right" depart="1905" />
    <vehicle id="left_394" type="typeWE" route="left" depart="1909" />
    <vehicle id="left_395" type="typeWE" route="left" depart="1911" />
    <vehicle id="left_396" type="typeWE" route="left" depart="1913" />
    <vehicle id="down_397" type="typeNS" route="down" depart="1917" color="1,0,0"/>
    <vehicle id="right_398" type="typeWE" route="right" depart="1920" />
    <vehicle id="right_399" type="typeWE" route="right" depart="1921" />
    <vehicle id="left_400" type="typeWE" route="left" depart="1924" />
    <vehicle id="right_401" type="typeWE" route="right" depart="1930" />
    <vehicle id="right_402" type="typeWE" route="right" depart="1942" />
    <vehicle id="right_403" type="typeWE" route="right" depart="1949" />
    <vehicle id="left_404" type="typeWE" route="left" depart="1953" />
    <vehicle id="left_405" type="typeWE" route="left" depart="1955" />
    <vehicle id="down_406" type="typeNS" route="down" depart="1959" color="1,0,0"/>
    <vehicle id="down_407" type="typeNS" route="down" depart="1969" color="1,0,0"/>
    <vehicle id="right_408" type="typeWE" route="right" depart="1971" />
    <vehicle id="left_409" type="typeWE" route="left" depart="1976" />
    <vehicle id="left_410" type="typeWE" route="left" depart="1980" />
    <vehicle id="right_411" type="typeWE" route="right" depart="1982" />
    <vehicle id="right_412" type="typeWE" route="right" depart="1983" />
    <vehicle id="down_413" type="typeNS" route="down" depart="1988" color="1,0,0"/>
    <vehicle id="right_414" type="typeWE" route="right" depart="1989" />
    <vehicle id="right_415" type="typeWE" route="right" depart="1998" />
    <vehicle id="right_416" type="typeWE" route="right" depart="2003" />
    <vehicle id="right_417" type="typeWE" route="right" depart="2006" />
    <vehicle id="right_418" type="typeWE" route="right" depart="2007" />
    <vehicle id="left_419" type="typeWE" route="left" depart="2013" />
    <vehicle id="left_420" type="typeWE" route="left" depart="2017" />
    <vehicle id="right_421" type="typeWE" route="right" depart="2020" />
    <vehicle id="right_422" type="typeWE" route="right" depart="2021" />
    <vehicle id="right_423" type="typeWE" route="right" depart="2022" />
    <vehicle id="left_424" type="typeWE" route="left" depart="2023" />
    <vehicle id="left_425" type="typeWE" route="left" depart="2024" />
    <vehicle id="left_426" type="typeWE" route="left" depart="2027" />
    <vehicle id="left_427" type="typeWE" route="left" depart="2031" />
    <vehicle id="right_428" type="typeWE" route="right" depart="2048" />
    <vehicle id="left_429" type="typeWE" route="left" depart="2050" />
    <vehicle id="right_430" type="typeWE" route="right" depart="2059" />
    <vehicle id="left_431" type="typeWE" route="left" depart="2059" />
    <vehicle id="right_432" type="typeWE" route="right" depart="2062" />
    <vehicle id="left_433" type="typeWE" route="left" depart="2062" />
    <vehicle id="left_434" type="typeWE" route="left" depart="2066" />
    <vehicle id="down_435" type="typeNS" route="down" depart="2068" color="1,0,0"/>
    <vehicle id="down_436" type="typeNS" route="down" depart="2076" color="1,0,0"/>
    <vehicle id="right_437" type="typeWE" route="right" depart="2077" />
    <vehicle id="left_438" type="typeWE" route="left" depart="2078" />
    <vehicle id="left_439" type="typeWE" route="left" depart="2082" />
    <vehicle id="left_440" type="typeWE" route="left" depart="2083" />
    <vehicle id="right_441" type="typeWE" route="right" depart="2093" />
    <vehicle id="right_442" type="typeWE" route="right" depart="2096" />
    <vehicle id="left_443" type="typeWE" route="left" depart="2101" />
    <vehicle id="left_444" type="typeWE" route="left" depart="2109" />
    <vehicle id="right_445" type="typeWE" route="right" depart="2118" />
    <vehicle id="right_446" type="typeWE" route="right" depart="2121" />
    <vehicle id="left_447" type="typeWE" route="left" depart="2134" />
    <vehicle id="right_448" type="typeWE" route="right" depart="2145" />
    <vehicle id="right_449" type="typeWE" route="right" depart="2151" />
    <vehicle id="left_450" type="typeWE" route="left" depart="2151" />
    <vehicle id="right_451" type="typeWE" route="right" depart="2154" />
    <vehicle id="left_452" type="typeWE" route="left" depart="2176" />
    <vehicle id="left_453" type="typeWE" route="left" depart="2195" />
    <vehicle id="left_454" type="typeWE" route="left" depart="2196" />
    <vehicle id="left_455" type="typeWE" route="left" depart="2198" />
    <vehicle id="right_456" type="typeWE" route="right" depart="2201" />
    <vehicle id="left_457" type="typeWE" route="left" depart="2205" />
    <vehicle id="down_458" type="typeNS" route="down" depart="2206" color="1,0,0"/>
    <vehicle id="left_459" type="typeWE" route="left" depart="2209" />
    <vehicle id="left_460" type="typeWE" route="left" depart="2211" />
    <vehicle id="right_461" type="typeWE" route="right" depart="2216" />
    <vehicle id="left_462" type="typeWE" route="left" depart="2218" />
    <vehicle id="left_463" type="typeWE" route="left" depart="2227" />
    <vehicle id="right_464" type="typeWE" route="right" depart="2234" />
    <vehicle id="left_465" type="typeWE" route="left" depart="2234" />
    <vehicle id="right_466" type="typeWE" route="right" depart="2237" />
    <vehicle id="left_467" type="typeWE" route="left" depart="2239" />
    <vehicle id="right_468" type="typeWE" route="right" depart="2245" />
    <vehicle id="down_469" type="typeNS" route="down" depart="2250" color="1,0,0"/>
    <vehicle id="left_470" type="typeWE" route="left" depart="2251" />
    <vehicle id="down_471" type="typeNS" route="down" depart="2255" color="1,0,0"/>
    <vehicle id="left_472" type="typeWE" route="left" depart="2259" />
    <vehicle id="down_473" type="typeNS" route="down" depart="2259" color="1,0,0"/>
    <vehicle id="left_474" type="typeWE" route="left" depart="2266" />
    <vehicle id="right_475" type="typeWE" route="right" depart="2269" />
    <vehicle id="right_476" type="typeWE" route="right" depart="2280" />
    <vehicle id="left_477" type="typeWE" route="left" depart="2280" />
    <vehicle id="left_478" type="typeWE" route="left" depart="2282" />
    <vehicle id="left_479" type="typeWE" route="left" depart="2285" />
    <vehicle id="left_480" type="typeWE" route="left" depart="2291" />
    <vehicle id="right_481" type="typeWE" route="right" depart="2304" />
    <vehicle id="down_482" type="typeNS" route="down" depart="2304" color="1,0,0"/>
    <vehicle id="right_483" type="typeWE" route="right" depart="2307" />
    <vehicle id="down_484" type="typeNS" route="down" depart="2312" color="1,0,0"/>
    <vehicle id="right_485" type="typeWE" route="right" depart="2318" />
    <vehicle id="right_486" type="typeWE" route="right" depart="2322" />
    <vehicle id="right_487" type="typeWE" route="right" depart="2326" />
    <vehicle id="right_488" type="typeWE" route="right" depart="2336" />
    <vehicle id="left_489" type="typeWE" route="left" depart="2347" />
    <vehicle id="left_490" type="typeWE" route="left" depart="2350" />
    <vehicle id="left_491" type="typeWE" route="left" depart="2365" />
    <vehicle id="right_492" type="typeWE" route="right" depart="2368" />
    <vehicle id="right_493" type="typeWE" route="right" depart="2371" />
    <vehicle id="down_494" type="typeNS" route="down" depart="2371" color="1,0,0"/>
    <vehicle id="right_495" type="typeWE" route="right" depart="2374" />
    <vehicle id="left_496" type="typeWE" route="left" depart="2375" />
    <vehicle id="left_497" type="typeWE" route="left" depart="2377" />
    <vehicle id="left_498" type="typeWE" route="left" depart="2391" />
    <vehicle id="right_499" type="typeWE" route="right" depart="2393" />
    <vehicle id="left_500" type="typeWE" route="left" depart="2396" />
    <vehicle id="right_501" type="typeWE" route="right" depart="2404" />
    <vehicle id="right_502" type="typeWE" route="right" depart="2405" />
    <vehicle id="right_503" type="typeWE" route="right" depart="2409" />
    <vehicle id="down_504" type="typeNS" route="down" depart="2412" color="1,0,0"/>
    <vehicle id="left_505" type="typeWE" route="left" depart="2414" />
    <vehicle id="right_506" type="typeWE" route="right" depart="2423" />
    <vehicle id="left_507" type="typeWE" route="left" depart="2429" />
    <vehicle id="right_508" type="typeWE" route="right" depart="2434" />
    <vehicle id="left_509" type="typeWE" route="left" depart="2435" />
    <vehicle id="right_510" type="typeWE" route="right" depart="2445" />
    <vehicle id="left_511" type="typeWE" route="left" depart="2445" />
    <vehicle id="left_512" type="typeWE" route="left" depart="2446" />
    <vehicle id="left_513" type="typeWE" route="left" depart="2448" />
    <vehicle id="right_514" type="typeWE" route="right" depart="2450" />
    <vehicle id="down_515" type="typeNS" route="down" depart="2451" color="1,0,0"/>
    <vehicle id="right_516" type="typeWE" route="right" depart="2456" />
    <vehicle id="down_517" type="typeNS" route="down" depart="2463" color="1,0,0"/>
    <vehicle id="right_518" type="typeWE" route="right" depart="2472" />
    <vehicle id="down_519" type="typeNS" route="down" depart="2472" color="1,0,0"/>
    <vehicle id="right_520" type="typeWE" route="right" depart="2477" />
    <vehicle id="left_521" type="typeWE" route="left" depart="2477" />
    <vehicle id="left_522" type="typeWE" route="left" depart="2479" />
    <vehicle id="down_523" type="typeNS" route="down" depart="2479" color="1,0,0"/>
    <vehicle id="left_524" type="typeWE" route="left" depart="2482" />
    <vehicle id="left_525" type="typeWE" route="left" depart="2483" />
    <vehicle id="left_526" type="typeWE" route="left" depart="2488" />
    <vehicle id="right_527" type="typeWE" route="right" depart="2496" />
    <vehicle id="right_528" type="typeWE" route="right" depart="2497" />
    <vehicle id="left_529" type="typeWE" route="left" depart="2502" />
    <vehicle id="left_530" type="typeWE" route="left" depart="2506" />
    <vehicle id="right_531" type="typeWE" route="right" depart="2514" />
    <vehicle id="left_532" type="typeWE" route="left" depart="2514" />
    <vehicle id="right_533" type="typeWE" route="right" depart="2519" />
    <vehicle id="right_534" type="typeWE" route="right" depart="2530" />
    <vehicle id="left_535" type="typeWE" route="left" depart="2533" />
    <vehicle id="down_536" type="typeNS" route="down" depart="2540" color="1,0,0"/>
    <vehicle id="right_537" type="typeWE" route="right" depart="2542" />
    <vehicle id="right_538" type="typeWE" route="right" depart="2544" />
    <vehicle id="right_539" type="typeWE" route="right" depart="2547" />
    <vehicle id="down_540" type="typeNS" route="down" depart="2551" color="1,0,0"/>
    <vehicle id="left_541" type="typeWE" route="left" depart="2552" />
    <vehicle id="left_542" type="typeWE" route="left" depart="2568" />
    <vehicle id="down_543" type="typeNS" route="down" depart="2570" color="1,0,0"/>
    <vehicle id="left_544" type="typeWE" route="left" depart="2575" />
    <vehicle id="right_545" type="typeWE" route="right" depart="2577" />
    <vehicle id="right_546" type="typeWE" route="right" depart="2579" />
    <vehicle id="right_547" type="typeWE" route="right" depart="2583" />
    <vehicle id="right_548" type="typeWE" route="right" depart="2585" />
    <vehicle id="left_549" type="typeWE" route="left" depart="2594" />
    <vehicle id="left_550" type="typeWE" route="left" depart="2608" />
    <vehicle id="right_551" type="typeWE" route="right" depart="2610" />
    <vehicle id="left_552" type="typeWE" route="left" depart="2614" />
    <vehicle id="right_553" type="typeWE" route="right" depart="2619" />
    <vehicle id="right_554" type="typeWE" route="right" depart="2623" />
    <vehicle id="right_555" type="typeWE" route="right" depart="2627" />
    <vehicle id="left_556" type="typeWE" route="left" depart="2630" />
    <vehicle id="left_557" type="typeWE" route="left" depart="2636" />
    <vehicle id="left_558" type="typeWE" route="left" depart="2640" />
    <vehicle id="right_559" type="typeWE" route="right" depart="2646" />
    <vehicle id="left_560" type="typeWE" route="left" depart="2650" />
    <vehicle id="right_561" type="typeWE" route="right" depart="2657" />
    <vehicle id="down_562" type="typeNS" route="down" depart="2660" color="1,0,0"/>
    <vehicle id="right_563" type="typeWE" route="right" depart="2661" />
    <vehicle id="left_564" type="typeWE" route="left" depart="2672" />
    <vehicle id="right_565" type="typeWE" route="right" depart="2674" />
    <vehicle id="right_566" type="typeWE" route="right" depart="2679" />
    <vehicle id="down_567" type="typeNS" route="down" depart="2686" color="1,0,0"/>
    <vehicle id="left_568" type="typeWE" route="left" depart="2687" />
    <vehicle id="left_569" type="typeWE" route="left" depart="2699" />
    <vehicle id="left_570" type="typeWE" route="left" depart="2704" />
    <vehicle id="right_571" type="typeWE" route="right" depart="2710" />
    <vehicle id="left_572" type="typeWE" route="left" depart="2710" />
    <vehicle id="left_573" type="typeWE" route="left" depart="2713" />
    <vehicle id="down_574" type="typeNS" route="down" depart="2739" color="1,0,0"/>
    <vehicle id="right_575" type="typeWE" route="right" depart="2743" />
    <vehicle id="right_576" type="typeWE" route="right" depart="2744" />
    <vehicle id="left_577" type="typeWE" route="left" depart="2746" />
    <vehicle id="right_578" type="typeWE" route="right" depart="2752" />
    <vehicle id="left_579" type="typeWE" route="left" depart="2753" />
    <vehicle id="right_580" type="typeWE" route="right" depart="2757" />
    <vehicle id="left_581" type="typeWE" route="left" depart="2757" />
    <vehicle id="right_582" type="typeWE" route="right" depart="2759" />
    <vehicle id="right_583" type="typeWE" route="right" depart="2767" />
    <vehicle id="left_584" type="typeWE" route="left" depart="2769" />
    <vehicle id="right_585" type="typeWE" route="right" depart="2774" />
    <vehicle id="right_586" type="typeWE" route="right" depart="2778" />
    <vehicle id="left_587" type="typeWE" route="left" depart="2781" />
    <vehicle id="down_588" type="typeNS" route="down" depart="2785" color="1,0,0"/>
    <vehicle id="left_589" type="typeWE" route="left" depart="2786" />
    <vehicle id="right_590" type="typeWE" route="right" depart="2790" />
    <vehicle id="left_591" type="typeWE" route="left" depart="2799" />
    <vehicle id="left_592" type="typeWE" route="left" depart="2801" />
    <vehicle id="left_593" type="typeWE" route="left" depart="2808" />
    <vehicle id="right_594" type="typeWE" route="right" depart="2810" />
    <vehicle id="left_595" type="typeWE" route="left" depart="2821" />
    <vehicle id="right_596" type="typeWE" route="right" depart="2829" />
    <vehicle id="down_597" type="typeNS" route="down" depart="2831" color="1,0,0"/>
    <vehicle id="left_598" type="typeWE" route="left" depart="2841" />
    <vehicle id="down_599" type="typeNS" route="down" depart="2848" color="1,0,0"/>
    <vehicle id="right_600" type="typeWE" route="right" depart="2867" />
    <vehicle id="left_601" type="typeWE" route="left" depart="2867" />
    <vehicle id="right_602" type="typeWE" route="right" depart="2871" />
    <vehicle id="left_603" type="typeWE" route="left" depart="2878" />
    <vehicle id="right_604" type="typeWE" route="right" depart="2886" />
    <vehicle id="left_605" type="typeWE" route="left" depart="2887" />
    <vehicle id="right_606" type="typeWE" route="right" depart="2897" />
    <vehicle id="right_607" type="typeWE" route="right" depart="2901" />
    <vehicle id="left_608" type="typeWE" route="left" depart="2902" />
    <vehicle id="right_609" type="typeWE" route="right" depart="2917" />
    <vehicle id="right_610" type="typeWE" route="right" depart="2919" />
    <vehicle id="left_611" type="typeWE" route="left" depart="2922" />
    <vehicle id="left_612" type="typeWE" route="left" depart="2924" />
    <vehicle id="left_613" type="typeWE" route="left" depart="2925" />
    <vehicle id="right_614" type="typeWE" route="right" depart="2930" />
    <vehicle id="down_615" type="typeNS" route="down" depart="2933" color="1,0,0"/>
    <vehicle id="right_616" type="typeWE" route="right" depart="2946" />
    <vehicle id="right_617" type="typeWE" route="right" depart="2949" />
    <vehicle id="left_618" type="typeWE" route="left" depart="2950" />
    <vehicle id="right_619" type="typeWE" route="right" depart="2959" />
    <vehicle id="down_620" type="typeNS" route="down" depart="2959" color="1,0,0"/>
    <vehicle id="right_621" type="typeWE" route="right" depart="2961" />
    <vehicle id="right_622" type="typeWE" route="right" depart="2965" />
    <vehicle id="down_623" type="typeNS" route="down" depart="2966" color="1,0,0"/>
    <vehicle id="left_624" type="typeWE" route="left" depart="2968" />
    <vehicle id="left_625" type="typeWE" route="left" depart="2969" />
    <vehicle id="right_626" type="typeWE" route="right" depart="2970" />
    <vehicle id="left_627" type="typeWE" route="left" depart="2970" />
    <vehicle id="down_628" type="typeNS" route="down" depart="2975" color="1,0,0"/>
    <vehicle id="down_629" type="typeNS" route="down" depart="2976" color="1,0,0"/>
    <vehicle id="left_630" type="typeWE" route="left" depart="2987" />
    <vehicle id="left_631" type="typeWE" route="left" depart="2988" />
    <vehicle id="left_632" type="typeWE" route="left" depart="2989" />
    <vehicle id="left_633" type="typeWE" route="left" depart="2991" />
    <vehicle id="left_634" type="typeWE" route="left" depart="2993" />
    <vehicle id="left_635" type="typeWE" route="left" depart="2994" />
    <vehicle id="right_636" type="typeWE" route="right" depart="3002" />
    <vehicle id="right_637" type="typeWE" route="right" depart="3013" />
    <vehicle id="left_638" type="typeWE" route="left" depart="3015" />
    <vehicle id="right_639" type="typeWE" route="right" depart="3019" />
    <vehicle id="down_640" type="typeNS" route="down" depart="3025" color="1,0,0"/>
    <vehicle id="left_641" type="typeWE" route="left" depart="3027" />
    <vehicle id="right_642" type="typeWE" route="right" depart="3030" />
    <vehicle id="left_643" type="typeWE" route="left" depart="3034" />
    <vehicle id="right_644" type="typeWE" route="right" depart="3036" />
    <vehicle id="left_645" type="typeWE" route="left" depart="3038" />
    <vehicle id="left_646" type="typeWE" route="left" depart="3040" />
    <vehicle id="left_647" type="typeWE" route="left" depart="3048" />
    <vehicle id="left_648" type="typeWE" route="left" depart="3049" />
    <vehicle id="right_649" type="typeWE" route="right" depart="3055" />
    <vehicle id="right_650" type="typeWE" route="right" depart="3057" />
    <vehicle id="down_651" type="typeNS" route="down" depart="3060" color="1,0,0"/>
    <vehicle id="left_652" type="typeWE" route="left" depart="3061" />
    <vehicle id="right_653" type="typeWE" route="right" depart="3073" />
    <vehicle id="right_654" type="typeWE" route="right" depart="3074" />
    <vehicle id="right_655" type="typeWE" route="right" depart="3079" />
    <vehicle id="right_656" type="typeWE" route="right" depart="3083" />
    <vehicle id="down_657" type="typeNS" route="down" depart="3095" color="1,0,0"/>
    <vehicle id="down_658" type="typeNS" route="down" depart="3107" color="1,0,0"/>
    <vehicle id="right_659" type="typeWE" route="right" depart="3108" />
    <vehicle id="right_660" type="typeWE" route="right" depart="3111" />
    <vehicle id="left_661" type="typeWE" route="left" depart="3112" />
    <vehicle id="down_662" type="typeNS" route="down" depart="3115" color="1,0,0"/>
    <vehicle id="right_663" type="typeWE" route="right" depart="3116" />
    <vehicle id="right_664" type="typeWE" route="right" depart="3130" />
    <vehicle id="left_665" type="typeWE" route="left" depart="3133" />
    <vehicle id="right_666" type="typeWE" route="right" depart="3135" />
    <vehicle id="right_667" type="typeWE" route="right" depart="3137" />
    <vehicle id="left_668" type="typeWE" route="left" depart="3150" />
    <vehicle id="right_669" type="typeWE" route="right" depart="3151" />
    <vehicle id="right_670" type="typeWE" route="right" depart="3157" />
    <vehicle id="left_671" type="typeWE" route="left" depart="3157" />
    <vehicle id="down_672" type="typeNS" route="down" depart="3157" color="1,0,0"/>
    <vehicle id="left_673" type="typeWE" route="left" depart="3163" />
    <vehicle id="left_674" type="typeWE" route="left" depart="3174" />
    <vehicle id="down_675" type="typeNS" route="down" depart="3174" color="1,0,0"/>
    <vehicle id="down_676" type="typeNS" route="down" depart="3185" color="1,0,0"/>
    <vehicle id="left_677" type="typeWE" route="left" depart="3187" />
    <vehicle id="right_678" type="typeWE" route="right" depart="3189" />
    <vehicle id="left_679" type="typeWE" route="left" depart="3194" />
    <vehicle id="left_680" type="typeWE" route="left" depart="3195" />
    <vehicle id="left_681" type="typeWE" route="left" depart="3203" />
    <vehicle id="down_682" type="typeNS" route="down" depart="3204" color="1,0,0"/>
    <vehicle id="left_683" type="typeWE" route="left" depart="3206" />
    <vehicle id="down_684" type="typeNS" route="down" depart="3214" color="1,0,0"/>
    <vehicle id="left_685" type="typeWE" route="left" depart="3218" />
    <vehicle id="left_686" type="typeWE" route="left" depart="3234" />
    <vehicle id="right_687" type="typeWE" route="right" depart="3237" />
    <vehicle id="left_688" type="typeWE" route="left" depart="3241" />
    <vehicle id="right_689" type="typeWE" route="right" depart="3244" />
    <vehicle id="left_690" type="typeWE" route="left" depart="3248" />
    <vehicle id="down_691" type="typeNS" route="down" depart="3253" color="1,0,0"/>
    <vehicle id="right_692" type="typeWE" route="right" depart="3259" />
    <vehicle id="left_693" type="typeWE" route="left" depart="3260" />
    <vehicle id="right_694" type="typeWE" route="right" depart="3262" />
    <vehicle id="left_695" type="typeWE" route="left" depart="3263" />
    <vehicle id="left_696" type="typeWE" route="left" depart="3268" />
    <vehicle id="down_697" type="typeNS" route="down" depart="3269" color="1,0,0"/>
    <vehicle id="left_698" type="typeWE" route="left" depart="3272" />
    <vehicle id="left_699" type="typeWE" route="left" depart="3282" />
    <vehicle id="left_700" type="typeWE" route="left" depart="3283" />
    <vehicle id="right_701" type="typeWE" route="right" depart="3285" />
    <vehicle id="left_702" type="typeWE" route="left" depart="3289" />
    <vehicle id="right_703" type="typeWE" route="right" depart="3298" />
    <vehicle id="right_704" type="typeWE" route="right" depart="3299" />
    <vehicle id="right_705" type="typeWE" route="right" depart="3305" />
    <vehicle id="left_706" type="typeWE" route="left" depart="3314" />
    <vehicle id="right_707" type="typeWE" route="right" depart="3320" />
    <vehicle id="right_708" type="typeWE" route="right" depart="3324" />
    <vehicle id="right_709" type="typeWE" route="right" depart="3325" />
    <vehicle id="right_710" type="typeWE" route="right" depart="3327" />
    <vehicle id="right_711" type="typeWE" route="right" depart="3329" />
    <vehicle id="right_712" type="typeWE" route="right" depart="3333" />
    <vehicle id="left_713" type="typeWE" route="left" depart="3336" />
    <vehicle id="right_714" type="typeWE" route="right" depart="3338" />
    <vehicle id="left_715" type="typeWE" route="left" depart="3340" />
    <vehicle id="left_716" type="typeWE" route="left" depart="3343" />
    <vehicle id="left_717" type="typeWE" route="left" depart="3347" />
    <vehicle id="left_718" type="typeWE" route="left" depart="3350" />
    <vehicle id="left_719" type="typeWE" route="left" depart="3351" />
    <vehicle id="left_720" type="typeWE" route="left" depart="3352" />
    <vehicle id="right_721" type="typeWE" route="right" depart="3355" />
    <vehicle id="left_722" type="typeWE" route="left" depart="3367" />
    <vehicle id="right_723" type="typeWE" route="right" depart="3372" />
    <vehicle id="left_724" type="typeWE" route="left" depart="3373" />
    <vehicle id="right_725" type="typeWE" route="right" depart="3378" />
    <vehicle id="left_726" type="typeWE" route="left" depart="3383" />
    <vehicle id="left_727" type="typeWE" route="left" depart="3384" />
    <vehicle id="right_728" type="typeWE" route="right" depart="3392" />
    <vehicle id="left_729" type="typeWE" route="left" depart="3397" />
    <vehicle id="left_730" type="typeWE" route="left" depart="3399" />
    <vehicle id="left_731" type="typeWE" route="left" depart="3409" />
    <vehicle id="left_732" type="typeWE" route="left" depart="3410" />
    <vehicle id="down_733" type="typeNS" route="down" depart="3413" color="1,0,0"/>
    <vehicle id="right_734" type="typeWE" route="right" depart="3415" />
    <vehicle id="left_735" type="typeWE" route="left" depart="3415" />
    <vehicle id="left_736" type="typeWE" route="left" depart="3433" />
    <vehicle id="left_737" type="typeWE" route="left" depart="3446" />
    <vehicle id="right_738" type="typeWE" route="right" depart="3456" />
    <vehicle id="left_739" type="typeWE" route="left" depart="3461" />
    <vehicle id="right_740" type="typeWE" route="right" depart="3463" />
    <vehicle id="down_741" type="typeNS" route="down" depart="3463" color="1,0,0"/>
    <vehicle id="right_742" type="typeWE" route="right" depart="3470" />
    <vehicle id="left_743" type="typeWE" route="left" depart="3476" />
    <vehicle id="right_744" type="typeWE" route="right" depart="3477" />
    <vehicle id="right_745" type="typeWE" route="right" depart="3482" />
    <vehicle id="left_746" type="typeWE" route="left" depart="3482" />
    <vehicle id="right_747" type="typeWE" route="right" depart="3489" />
    <vehicle id="right_748" type="typeWE" route="right" depart="3497" />
    <vehicle id="left_749" type="typeWE" route="left" depart="3504" />
    <vehicle id="left_750" type="typeWE" route="left" depart="3505" />
    <vehicle id="right_751" type="typeWE" route="right" depart="3512" />
    <vehicle id="right_752" type="typeWE" route="right" depart="3518" />
    <vehicle id="left_753" type="typeWE" route="left" depart="3519" />
    <vehicle id="right_754" type="typeWE" route="right" depart="3523" />
    <vehicle id="down_755" type="typeNS" route="down" depart="3527" color="1,0,0"/>
    <vehicle id="right_756" type="typeWE" route="right" depart="3533" />
    <vehicle id="left_757" type="typeWE" route="left" depart="3539" />
    <vehicle id="left_758" type="typeWE" route="left" depart="3543" />
    <vehicle id="left_759" type="typeWE" route="left" depart="3557" />
    <vehicle id="left_760" type="typeWE" route="left" depart="3558" />
    <vehicle id="right_761" type="typeWE" route="right" depart="3585" />
    <vehicle id="right_762" type="typeWE" route="right" depart="3589" />
    <vehicle id="right_763" type="typeWE" route="right" depart="3590" />
    <vehicle id="left_764" type="typeWE" route="left" depart="3592" />
    <vehicle id="left_765" type="typeWE" route="left" depart="3593" />
    <vehicle id="left_766" type="typeWE" route="left" depart="3598" />
    <vehicle id="down_767" type="typeNS" route="down" depart="3598" color="1,0,0"/>
</routes>
